merge_id,biz_name
36738828539415904,Cecconi S
48886005075002736,Gigi Von Tapas
56272019056540320,L'Amfora Barcelona
1.4539148923124438e+017,BocaBoca Street Food
190535589291764930,ElDiset
205151259143415680,Xaloc
206809001688930560,La Cuina De Laietana
223214590542580030,Stuzzichini
251004691745355900,Vivo Tapas
253949492748726600,Sant Marti
267538369935421630,Teoric Taverna Gastronomica
273906282406624130,Foc I Oli Aribau
324956671056273800,Flax &amp
336462219155110600,Pla
3.4510469770954963e+017,Granja Primavera
377171090460949760,Goiko
402606966941997060,Absenta
439850603726543800,Petritxol Cafe
476916960402019840,MAISON CARNE
488621394879506600,Kiltro Restobar
489755753033788350,Les Finestres De Lluria
504306864142723700,Momos Tapes Amb Palillos
558541714439052540,Pasteleria Hofmann
569117214955874e3,Biercab
608490730760836400,El Foro
615495451066500100,Can Sole
623630851683660700,Meson Jesus
657437461245799700,ANDELE Carrer De Paris
686315430251262e3,Pepito
697040578678019100,Olivos Comida Y Vinos
717974709877983900,Restaurant La Tasqueta de Blai
728137613149311900,Colmado Gastronomic Tapes Vermuts I Vins Enric Granados
746320862067593300,Can Xurrades Gastronomic
752710541165137300,La Foga
764646227740239600,Vinitus Madrid
809462122392499700,Swad The Indian
821800350088074900,La Platilleria
864450236635665700,Acqua & Farina
867418210620730200,Agua
868843285783124e3,RESTAURANT A ROGUEIRA
883805560569739800,Carlota Akaneya
924348642480443400,La Esquinita De Blai
925638335863885400,Bocca Di Bonifacio
934955199864545e3,Antigua
939792937791708200,EdeNova
994507847416855400,Wok To Walk
1021286369375704400,Oma Bistro
1075879496041854500,Catedra
1110443490258369300,Senor Pina Secret Garden
1116150921025838100,Alsur Café
1179742298729211100,Oaxaca Cuina Mexicana
1190021699469020400,Todo Pasa
1201459502562348800,Grill Room Thonet
1204451111739815e3,Canete
1226977288165913300,Saffron
1264504237910218200,RESTAURANT El Tropezon
1301642772078627300,La Cratera
1307544809438044400,Green S
1333222425788711700,Pelai
1370327468637238800,La Paradeta Sants
1376072661221705500,Konig Centre
1421434345647005400,Papadam
1465071415532236500,TOYO
1502406821994751e3,Grill
1511252700832990700,La Marina De L Hospitalet
1529586775828569e3,CrosMas
1543631498298606300,Los Bellota
1549226809595793700,El Provisional
1554042968324676900,Cu Cut
1588978324187810600,Quimet & Quimet
1614425382840886e3,Cruix
1614863562832387800,El Reloj
1616354781073966e3,Vai Moana
1617555623202013200,Alegoria
1617602603357132500,Luigi Ristorante Roger De Lluria
1618688840253077e3,Spark
1633995948243669500,Xarcuteria Valenti
1701135331253012200,The Pan S Club
1715798322244018200,Super Vegan
1723764784363989500,Haddock La Taverne Canaille
1796778450343398e3,Malabida
1812848607407385e3,Pizzeria Eden
1830365493681069e3,La Deliciosa
1874127608504368400,Pizze E Delizie
1875238971259665700,Petit Pau
1904170132093529600,El Pintxo de Petritxol
1909931222219325700,Gravin
1927986903336981800,Casa Cheli
1931811592889196800,Maitea
1976796404008395300,Eat Caribbean
1993361318765687e3,Bruc33Tapas
1994897090554687e3,La Nina De Mis Ojos
2028635316782365700,Somodo
2030395588196878e3,Andele Santa Fe
2047455672320389600,Rangoli
2047988063362488300,Dm
2052779275828355600,Farola
2053835820869243400,Miss Simona Cafe Gastro
2073373064812251600,La Fonda Del Camino
2089981334097498e3,La Tere Gastrobar
2128543859900308700,Blau Cucina E Caffe
2129016454743681500,Luigi Ristorante
2129187107677867500,La Cassola
2151730120133276e3,Caramba
2163290324271504600,Takumi
2186783942821109500,Bar But
2208368030910592300,Serras Hotel
2218121424849386e3,Bendito Brunch
2224800232170126e3,The One
2244860243997450500,Dos Pebrots
2248675680238980600,Musiu
2274160388176131600,Palermo
2280193968430214100,Set De Gotic
2319185264202481700,The Fresh Poke Diagonal
2335485788576732e3,Ayres Del Sur
2367154544871609e3,Ramblero De La Boqueria
2392603828748993500,La Pubilla
2415238445145904e3,Xurreria Dels Banys Nous
2.4180978036020797e+018,Ginesta
2422062780927599600,LOKAL BAR
2436479965522535400,Don Kilo
2437154243003175e3,Thai
2439455034259584500,Lasarte
2446582188412006e3,Rekons
2481152489816717300,Tickets
2530700187078890500,Bodega Lito
2566234322001264e3,Arume
2608489898326732e3,Bodega La Tinaja
2617463841934012400,Club De L Empanada
2630196428850136e3,Sense Pressa
2630818132272196e3,Bodega Biarritz 1881
2645730730107124e3,La Mundana
2645753624255778e3,Cal Pep
2661303049323547600,Red Garter
266487809577687e4,H1898
2693526629884485e3,Acces
2693930374480076300,El Bierzo A Tope
2746312070592788500,Don Kilo Gourmet
2772498498412056e3,Roig Robi
2774509754918441500,Slow & Low
2782976770699575e3,La Ferreria Des De 1987
2788016504922838e3,Bar Bodega Quimet
2788566502834700300,Obama
2807909795938915300,Gaudim
2811266885652951600,Rasoi
2849319487766252e3,Burguer NIU
2850299327949142e3,TAMAE BAR
2858694498006908e3,La Piazzetta GranVia
2859631393060154400,Secrets Del Mediterrani
2883752717395670500,Disfrutar
2890775539568293e3,Surf House Barcelona
2930997900841579e3,La Bombeta
2938377161880545300,Baritimo
2990921892026935300,Bodega 1900
2991809753783809e3,Mana 75
3066651140436829e3,BENZiNA
3069810519949379e3,Lluritu
3071802284667958e3,Matsuri Sushi
3094436557539689e3,JOK
3146911369494091e3,Hungaryto
3156567826334997500,Dal Presidente
3186407933278475e3,Santa Gula
3188695386744300500,Ocaña
3190592251464434700,La Patsa Lab
3191069670075261400,Paradiso
321665445235811e4,El Petit Princep Brunch & Coffee
3239545034840527e3,Manairo
3241157493418659e3,Agreste De Fabio & Roser
3246778963736473e3,Ocho Bcn
3249563032101739500,Guelly Sandwichpark
3258279441957708300,Les Delices De France Souffle De Formatge Steak Tartar
3292315603162941400,Cerveseria Catalana
3298413219558710300,Ajoblanco
3346053413088334e3,Vinitus
3358274679535481e3,A Tu Bola
3387058813872934e3,Poke Si | Poke En (C. Casanova)
3389393328605572e3,Amarre 69
341012214639364e4,Bagoa
3421732604183110700,El Tianguis
3429319852664537600,Bacoa Kiosko
3432943263578198e3,Les Dues Sicilies
3438334661670600700,Bar Ramón
3448021354656885e3,La Cova Fumada
3465297536589657600,La Pastisseria
3479699481931112400,Lato Cafe
3511575509942105600,Spaccanapoli
3575627242141158e3,VIRENS
3580278635308849e3,Old Fashioned
3581630705297017e3,Cachitos
3600751760153327600,Gut
3627615967297717e3,Els 4Gats
3662869186100142e3,Pirineu En Boca
3663058295632737300,Sensi Tapas
3668223824522422e3,Igueldo
369030610092873e4,Rincon Persa
369159703481029e4,Bacoa Burger Barceloneta | Hamburgueseria A
3718952937124587e3,Comida De Olla
3802842669140547e3,Bodega La Puntual
3807559835660814300,Ramen House Izakaya
3812450285082243e3,Bo De Gracia
3826110736487914500,La Paradeta
3837734472733509600,El Quim De La Boqueria
3878471872339612e3,Salt
3936568754226657e3,Bodega Colibri
3953926380055931400,Blu
3958541830221768e3,Cremat 11
396186257077972e4,Teleferic
4024081624452805e3,Sartoria Panatieri Gracia
4041093050657842e3,Ten S Tapes
4071209025463788500,El Viti Taberna
4083022180252749300,Bodega Valls
4131995039523416e3,Kimchi Mama
4147283271984732700,La Piemontesa
4159597097869921300,Kame House Kitchen BCN
4212786916554793e3,Pampero
4226373426860823600,Ramen-Ya Hiro
4278818433572188e3,Firebug
4282801845833658400,Gelaaati Di Marco
4296673391546103e3,La Llama
4396859708849647600,Pepa A Vins
4421849723265939500,OGGI Officina Gelato Gusto Italiano
4441279015453025e3,Eclipse
445281913808282e4,Galu Italiano
4493214829073929700,La Mezcla
4509048890778068e3,Bestial
4515547425628099e3,Pilar Taperia
4544795820445753300,Akashi Gallery
4561075587674811400,Tropico Brunch
4567479107188079600,El Porvenir
4569204729484557300,La Cereria
4576335018106171400,L Encant Vegetaria
4581711276113694e3,Xavier Pellicer
4594633073452879e3,Sintonia
4649727708288897e3,Gasterea
4652786751642454e3,El Clot
467794131503417e4,Melo Jia
4707340726775955e3,Dual Cafe
4749098111558958e3,We Love Italy
4801545272550724e3,Eixampeling Brunch Cafe &
4802622573024306e3,Conesa Entrepans
4813240151423605e3,Los Pergaminos
4823330564764635e3,La Taula
486914216801359e4,Federal
4883072868047378e3,La Malandrina
4899266168369878e3,Le Romane
4914598869880699e3,Moments
4918007551557747e3,Avenir
5000847439427201e3,Guell
5025828713509546e3,Takumi Ramen
502930942967572e4,La Tagliatella
5056474175393947e3,Pappa E Citti
5093172594918512e3,Somorrostro
510288646448332e4,Gresca
5124988231204092e3,BierCaB
5177943622624125e3,La Palmera
5180084205948147e3,La Hacienda
5188615458030591e3,Tamara
5195942236299637e3,Hiraya
5250357385206665e3,L Olive
5278840734005659e3,Bo Kaap
5282408362475563e3,Buon Appetito
5304647015018922e3,La Catalista
5304946126734046e3,Assunta Madre
5349312807889493e3,Velissima
5447930418398711e3,Bodega Quimet
5493919454596385e3,Insolita Gea
5510859541300018e3,Verne
5532419398051873e3,KFC
5534814460662135e3,Garlana
5576883920837245e3,The Green Spot
5625815911934637e3,Don Kilo Italian Pizza DONKILO
5679350108257501e3,Spice Cafe
5679476552482189e3,Mutenroshi Ramen
5682474018887778e3,Tosca
5699380037268327e3,Lolita Taperia
5722772033988647e3,False
572325307617682e4,Las Mananitas Tex Mex BCN
5745328815440586e3,Cadaques
5747447659012484e3,Croq & Roll
5826968472749102e3,A Familia
5827339744476083e3,Lluna D Istambul
5845615680463194e3,El Mercat Tapas Barceloneta
5855306067276526e3,La Selva
5869825519775986e3,The Benedict
5894863832199268e3,Little Bacoa | Hamburgueseria En
5906289962813422e3,Catalunya
5924479613987088e3,My Fucking Restaurant
5970232387422024e3,Pinotxo
5984547012276564e3,Mano Rota
6003732155128199e3,La Braseria Argentina Iguazu
6007561697321726e3,La Hamaca
6029663934145786e3,Kabul Rastorant
6076319159468963e3,Top Wok
6138917341627935e3,Lascar 74
6144007023462097e3,Los Caracoles
6156102901408289e3,Casa Carmen
6196941596170096e3,SALT
6201102843091939e3,Casa Alfonso
6225004564511807e3,Billy Brunch
6226017923567409e3,Pizza Via
623665156431574e4,La Llimona
6246838583619987e3,The Home
625947603705092e4,Taverna Iberia
6276746229819936e3,Parking Pizza
6292877576424378e3,Rodrigo
6298852493391248e3,Louro Do Centro Galego
6300271329276407e3,EatMyTrip Brunch & Bakery
6358085902264206e3,Pasta Madre Tallers
635883833431336e4,Casa Varela 1986
6370080553954378e3,Asian Ways (Paralelo)
6384868457510177e3,Il Mercante Di Venezia
6387343954764258e3,Inka Burg
6393507037301714e3,Piazze D Italia
6438091902629129e3,Terrazza Ravello
644021421351126e4,Bacoa
6462054730043648e3,Hidden Factory
6462990620087357e3,La Boqueria
6475172470704246e3,Bella Italia
6481171898698403e3,LAMUN CUINA THAI
6508449788479534e3,Amsterdam
6522841349610931e3,Sante Gelato By Renzo Paniccia
6523150652044791e3,La Estrella
6534103589611418e3,La Taverna De La Ronda
6545384898748205e3,Foc
6552379492064983e3,Miseria E Nobilta
6603539057382857e3,Llamber
6610180445533936e3,Aguelo Taberna
6665363827499426e3,Mediterrani
6707395082893701e3,Nevermind
6720043990569779e3,Can Fisher
6724674804710986e3,Kælderkold
6729657483744665e3,Citizen Cafe Brunch
6759034250337985e3,Monvinic
6767548344098302e3,PASSEIG
6818570841896133e3,Bar Mut
6940617323993418e3,Roma
6958433423450862e3,Ziryab Fusion Tapas
7012008676909421e3,La Prudencia Del Raval
7013971609326361e3,Bastaix
7054538090916717e3,McDonald S
7077460856892052e3,Angle
7084488651997203e3,BREAK BCN
7100660384102958e3,Malaysia
7111632069838367e3,Gilda By Belgious
7151562306502682e3,El Tall Iberic
7189632004259545e3,CACTUS CAFE
72179430223635e5,Bodega Amposta
7221233496190652e3,Tapes
7253613836521655e3,Bivio
7256128257387934e3,COMO Il Ristorantino
7.3131303293705605e+018,Closet
7353769509294404e3,La Tagliatella | CC. Las Arenas
7357778693401148e3,Jobs
7358927747455667e3,La Carmelina
7390893742864077e3,Casa Calvet
7421409424390998e3,Maitea Taberna
7470983997001334e3,Tandem
7477850461513016e3,Blai 9
7481131271710669e3,La Caleta De Sants
7541770659892402e3,Paella Boqueria
7568165681772176e3,Pasta Market
7598962454820404e3,Momo
7623538814848947e3,Diegos
768101364913047e4,El Callejon
7682281452701694e3,Palau de la Música Catalana
768514709619434e4,Dux
7730235488368093e3,The Dog Is Hot
7743519333962006e3,The Wild Rover Irish Pub
7837498078102286e3,La Foixarda
784795336986755e4,Manna Gelats
7882716213581491e3,Zarautz Taberna Vasca
7889337697306763e3,Braseria Pizzeria La Ribera
7905219354362843e3,La Alcoba Azul
7927918258438939e3,Mediterraneo Ristorante
7928900669318999e3,Tapeo Born
7949451578063913e3,Meson Barceloneta
7986917064712813e3,Nobu
798963565274428e4,La Pruna
8001219219863066e3,Pizza Circus
8008319378092574e3,Tartela
8018556375214818e3,Micu Maku
8028746409179588e3,Vic Braseria
8062142937318559e3,Maccaroni
8095126655421117e3,Bobby Gin
8099021569355182e3,Zed
8125281197704686e3,LA FABRICA
8131907432767692e3,Can Dende
8148554771718345e3,Bo de Boqueria
8202042694805926e3,Bombay Spicy
8207496078150552e3,La Pepita
8208182733544678e3,LaGranja.
8227107229245018e3,Camino Bites
8236302536905262e3,La Perillosa
8241890292284835e3,Arabia Cafe
8290880429618719e3,DIREKTE Boqueria
8326056321816351e3,Cafe De L Academia
8363189690439371e3,Berbena
8366332654614671e3,Pasapalo
8419940264026459e3,Sagardi BCN Gotic
8442061985427532e3,65 Degrees
8499266861897934e3,Colom
852808290749531e4,Sensi
857064114600955e4,Tuscania Food And Wine
8574534956735648e3,Restaurante La Boqueria
8575600807339559e3,Vivant
8604990786686458e3,Arepamundi
8630887425198035e3,El Vaso De Oro
8676164160175657e3,Cat CAT
8682716629384367e3,Fat Barbies Bailen
8685625797346413e3,Quimet &amp
871553771032069e4,Eqvilibrivm Cafe
8743361279952055e3,La Vinya Del Senyor
8754193683497364e3,Rosa Negra
8756478835201588e3,Al Bawadi
8775365705250958e3,Vegetariano
8783464074286889e3,Opium Barcelona
8788745257833722e3,Locavore
8881360170221136e3,The Alchemix
8898506577317687e3,Guell Tapas
8972898520981059e3,La Tartareria . Raw Food .
8980728628065208e3,Nolita
9073458987151887e3,Gallo Nero
9109628961300848e3,Orvay
9111802159654974e3,La Fabrica (Empanadas Argentinas)
9132029642238074e3,Ramen Ya Hiro
9153495070810782e3,BarcelonaMilano
915641645656127e4,El Xampanyet
9161656089474039e3,Cheese And Cake
9204513350173635e3,El Bosc de les Fades
9219024794186424e3,Feroz
9247538084703476e3,Milk & Bistro
9266076491312208e3,La Flauta
9282739262104785e3,Somewhere Aribau
9296479583524123e3,BelleBuon
9327271848780018e3,Ciutat Comtal
9328675283583957e3,RESTAURANT GAUDIM
934619761879947e4,Fa Patxoca
9380909121715874e3,La Cuina D En Garriga
9411867588496669e3,The Coffee House
9437507395508175e3,Renoi
9441228675722164e3,La Garriga
9476818592599835e3,GreenVita Healthy Kitchen
9488462938559906e3,Aula CETT
9492002407492127e3,Contempo
9492567651147432e3,Guixot
9509174909775729e3,Listo Restaurants Pizza Pasta Paella Tapas
9524959285937189e3,Gaudi Bakery
9538577321854093e3,Coure
9549511765567902e3,La Taverna De
9567801477241e6,Caelis
9575912537422352e3,Roast Club Specialty Coffee Roasters
9580050428671384e3,Caradura Maria Cubi
958928218441062e4,Belmonte
962072458353428e4,Dera
9649394530604374e3,Baluard Barceloneta
9659250808756005e3,We Bistrot
9694269571489757e3,La Balanza
9701308123150672e3,Garage Beer Co
9703492787511929e3,Bacoa Burger
980948172446349e4,Boldú
9811995654511847e3,Churrería Laietana
9828014380025477e3,Flaherty S Irish Pub
9829291564787755e3,Torre D Alta Mar
9833219823576703e3,Chok Carme
9847708135568026e3,Gocce Di Latte
9865121918457393e3,Cellarer Wine
9918915115651506e3,Maccabi
9924948110277159e3,Avinyo10
9941751519878463e3,Sindur Indian Cuisine
9972102249822958e3,Guanabara By El Rodizio
10001586827552582e3,Dos Palillos
10031153786342898e3,Panam 75
1011061589961108e4,Tantarantana
10130855464338729e3,Senyor Vermut
10140168368592007e3,El 9 Porro
10145244416962406e3,Palosanto
10159382316137292e3,Entre Hores
10181410485157976e3,Patagonia Beef & Wine
10217269203692243e3,Milk Bar &amp
10291494498543356e3,The Fish & Chips Shop
1.0295908973408641e+019,Casa Rafols
102984024885886e5,Brugarol
10353351662804406e3,Gata Mala
1039960492313099e4,Tejada Mar
1039979273804798e4,Bambarol
10449446903784735e3,Tucco Real Food Born
1046463236752695e4,Ca L Estevet
10465309881729649e3,La Central Hamburgueseria Laietana
104712484693147e5,Sala Apolo
10476471759549129e3,Mirandoalmar
10524016106299177e3,Bro
10576540992001917e3,Algrano Bistro
10603253371679685e3,AURT
10693272507134796e3,Los Barbados
10706659237825667e3,Vivo Tapes Cocteleria
10717332993012314e3,Aladdin
10740946090591265e3,Taps
10764365346972457e3,1881 Per Sagardi
10776765227669406e3,La Fonda
10820016253198094e3,El Rincon Steak House
10824333758913624e3,Italian District
10858541800052247e3,BON
1088500420264036e4,Lokal
10912491579475694e3,Brew Dog
10922167891295463e3,Marsella
10932713663001102e3,Surf House
10937555999449879e3,Casa Angela
10941504741387033e3,La Taberna De L Eixample Venezolanos
10969843541385703e3,Ascent
10975398658975724e3,J&R
1107874201930583e4,Macchina Pasta
11093555071513502e3,Starbucks
11144662800399385e3,La Torna
1117357203469867e4,Can Paixano
11188729076635079e3,Beer Linale
11208312687951278e3,Youme Sushi Eixample Dreta
11233900048586275e3,Swagatam Hindu
11253319710941415e3,Lamun Cuina Thai
1126951204160829e4,Gran Viana
1127868817740632e4,Volta Al Mon
1129571347856017e4,Elsa y Fred
11297560527544015e3,Entrepans Diaz
11300522270109737e3,Lluis De Les Moles
1132914856125271e4,Fonda Espanya
11337975312242594e3,Sants Es Crema
11368257517498724e3,Viana
11391150820889805e3,Mammamia
11403269818290729e3,Camping Mar
11429045506678913e3,Xemei
11460591206149296e3,Ca Meua
11475478972569709e3,Copasetic
11488023374467054e3,Portal De La Pau
11490377812127748e3,La Taberna Del Cobre
11504947836773706e3,Margarita Blue
11515406176752853e3,Fastuc
11517204046659942e3,Filigrana
11554328703211082e3,TocaTeca
11558842210152765e3,Bambu Beach
11563085212737247e3,Oria By Martin Berasategui
11572904791525444e3,La Tagliatella | Plaza Cataluna
1158055056808978e4,Casi
11583292549218922e3,L Autentic Lebanese
11668731150760088e3,Tucco Real Food Eixample
11670278529392198e3,Ekaterina
11678608080072956e3,Creps Av. Gaudi
11694061905212436e3,Peix D Or
11716405975910083e3,L'Ovella Negra
11731164322489768e3,A
1174844158622868e4,Beam
11776200627482214e3,La Colosal
11791114913147777e3,L Amfora
1179165051091082e4,El Dorado Chicken
11808143713305076e3,Arrosseria Las Arenas
1182128136718593e4,Komo En Kasa
11857295793333004e3,Veraz The EDITION
11870530312303522e3,Obe
11877763538299701e3,Leopoldo
11883150109522213e3,Fukamura
1198631822692645e4,Les Filles Cafe
12014709870162385e3,Toma Ya Street Food
12036265424138869e3,Lahore Authentic Halal Pakistani Food In
12039085070526159e3,Pulperia Can Lampazas
12050260881492982e3,CentOnze
12144024870679966e3,Xiloka
12156710557929296e3,Xapako
12175264932565131e3,Hanoi
1217957829286418e4,El Pebrot I El Petit Cargol
12224401739574841e3,Alkimia
1223166645975556e4,Creps Al Born
1224442140122377e4,Can Majo
12279539245834332e3,La Vinoteca Torres
12285142790023698e3,Suarna
12296675759439049e3,La Cava Cakery
12303185041279982e3,Zona D Ombra
12311413925825081e3,Atapa It
12328456624959205e3,El Trapio
12331863777399628e3,Made In Sicily
12343833333985024e3,9 Reinas
1.2391132713767039e+019,ARTiSA
12433821057005103e3,Xorus
12465546172988668e3,Sabes Una Cosa
12484116034820612e3,Kriminal Street FOOD BCN
1253098848771579e4,Bo De Boqueria
12543276776992004e3,Bilbao Berria
1261923150493784e4,El Salon
1263779816988e7,Mon Viet Vietnamita
12706272640000772e3,O'Toxo 3 Hermanos
12738154159257469e3,Zarautz
12743336591841694e3,Hollys Ice Cream
12749586200655503e3,Taktika Berri
12757496490756155e3,Babula 1937
12787576198369358e3,La Perla BCN
128042395722699e5,El Portalon
12827454169843116e3,Bistro Helena
12879381531439993e3,La Padrina
12893097256812978e3,Zelig
12893853877240404e3,9 Nine
12896083490206734e3,La Tasqueta De Blai
12903301369148522e3,CafeCosmo
12903421216736584e3,Madame
1291506854623071e4,Fismuler
12921518529334794e3,La Rioja
12929209845765673e3,Pasa Tapas
12944496170923508e3,Bologna Pizza
12979100074882845e3,The Market Peru
12989666947698889e3,Thai Zaap
1300427584416971e4,Nina
13007075027122018e3,Giorgio
13008808968553812e3,Nuestra Brasa Garibaldi
1302170133743165e4,Wild Beef
13026550781093147e3,Bitacora Barceloneta
13046760983745085e3,Cafe & Tapas
13074726866230755e3,Thai Spicy
13082985133694966e3,Brunch &amp
13113763798955645e3,Aji
1314609766080922e4,Parrilla Alfonsina
1315158417885805e4,Es Tastet
13187706747232018e3,Fenicia
13216731962136082e3,Cheriff
1321827414301164e4,Crudo
13228506398548e6,Sports Italian Food C. Ample
13238342879019151e3,Pura Brasa Arenas
132438757167884e5,Gourmet Sensi
13254062544668918e3,Cu Cut Taverna Gastronomica Enric Granados
1326166106286767e4,Caravelle
13267845521823631e3,Smash House Burger
13313430635373666e3,Donizetti
13330224283412457e3,Plat Unic
13335510097180615e3,El Raco De L Aguir
133382223358617e5,Tast Ller
1334647351759802e4,Taperia Princesa
13394386062285103e3,UMA
13405191051612594e3,La Tagliatella | Enric Granados
13448935291809575e3,O Meu Lar
1347974799997846e4,Raffaelli Ristorante Italiano
13486599494959219e3,Futballarium
13510326723554183e3,Ugot Bruncherie
13538194661120209e3,Ramen House
13545471817364947e3,Sabor Persa
13562164793404144e3,Abac
1356303011710738e4,Chill Bar
1357034928267448e4,La Taverneta
13580450450250076e3,Lucy S Burger & Tapas
13594559663509918e3,Cerveceria Catalana
1361401354801201e4,Bene Assai
13631421703710812e3,Mont
13651065624820093e3,Platerets
13658969200472777e3,Sant Antoni Glorios
13660298506819287e3,Eroica Caffe
13728361711912704e3,La Terraza Miro
13737775501096505e3,Setze
13764901566036961e3,Kibuka
13772647061233308e3,Meneghina
1378730467355674e4,Dolceria De La Colmena
13829182004768625e3,Mino
13870273884092826e3,Boraz
1388037021233864e4,Tapeo
13882970104964944e3,Moritz
13905820315919473e3,L Antic Bocoi Del Gotic
13939753795634555e3,The Sopa Boba : Tapes Eixample
1396972154271777e4,La Plata
13994194558962393e3,Restaurante Dominicano
14010788751071764e3,Can Mano
1404657577836374e4,Casa Amalia 1950
14059695439855133e3,Story
14088306485989128e3,Cinc Sentits
14156695847421884e3,La Adelita Botanero
1420519338362146e4,La Gastronomica
14225128469538718e3,Paco Alcalde
14232104733733896e3,Centric
14240349448409647e3,Pincho J
14264599519929825e3,Tandoori Nights
1428300457509171e4,La Gastronomica Burgers
14301069624566112e3,Chivuo S Gracia Slow Street Food & Craft Beer
14353262490933862e3,Bosque Palermo
14386701048320807e3,Clemen S Boqueria
14407696689626198e3,La Nueva Marquesa
14419676237727767e3,La Taqueria
14422303612041263e3,Shunka
14484899323075408e3,Zeeshan Kebabish
14496140915959058e3,El Rincon
14543118558481981e3,Santagustina
14597744043951309e3,Paisano Bistro
1460055700124425e4,Sagradas Tapas
14616397093105689e3,Casa Xica I A Vins
14636651286289943e3,Flamenco Patio Andaluz
14659418504477862e3,Mako
14659641174712338e3,Pasteleria Jansana Gluten Free
14694457148592036e3,Senor Pina Terraza Gotico | Poke Bowl Brunch & Acai
14719812709025606e3,Salterio
14745624359667945e3,Taquerías Tamarindo
14785570359547021e3,Bodega Vasconia
14804781657062656e3,Tino Esto No Es Una Pizzeria
14827140925213018e3,Cala Rossita
14828975782673453e3,Bodega La Palma
14860449343257457e3,Agust Gastrobar
14881488593859054e3,Mood Rooftop &
14895914558742333e3,De Paso By Tras Paso
14906159667842906e3,Messie Sin Gluten Gracia Gluten Free
14937912160211665e3,Minamo
14958866456168182e3,Quinoa Vegetaria
15053607332181891e3,Casa Lolea
15070676966517879e3,Kook
15071896902537314e3,Kserol
15097252886573533e3,Zaza
15121542844377962e3,El Cubano Machin
1512493821704216e4,Bilbao
15134923711204604e3,Roux
15141939440289706e3,Hummus
15243946114243674e3,Buenas Migas Passeig De Gracia
1525512187297487e4,DelaCrem
15272806370136576e3,Avocado
15293310885535711e3,Tapa Tapa Glories
15296363819800922e3,Windsor
15305110022539342e3,Tosca Del Carme
15318730456897628e3,Flax & Kale Passage
15372623811977798e3,Equilibri Bcn
15396701684764144e3,El Manolo
1540385291546496e4,El Xiringo
15544156681732995e3,Anaeli Cafe
1556260179352828e4,El Born
1556684320935376e4,Parallelo
155770622651262e5,Kappo
15636190810974458e3,Koh I Noor India
15647702808117754e3,Chivuo S (Gracia)
15727649823918369e3,Jara Sushi Take Away
15752493333469456e3,El Pachuco
15760380610257283e3,Revoltosa
15778410272292352e3,Bordeaux Cuina Oberta
1581566381426035e4,La Brochette
15833432803296809e3,Ca L Andreu
15840282372480778e3,The George Payne
15864158974771098e3,Cera 23
15867704129694624e3,Carballeira
15868562533498124e3,Brunch & Bakery
15934487125431286e3,La Paradeta Paral*lel
15935372337923385e3,Airbar
15992294274381249e3,MexGal
16002822748264511e3,Carabela Cafe
16006816931557997e3,O Retorno
1602559283245373e4,Mimo S Born
16044738895637471e3,Art I Sa
16049895726947295e3,Enoteca Paco Perez
16067370600493206e3,Can Xurrades
16071654403106157e3,Solomillo
16084621515866173e3,Del Claris Terrace
16085390524809263e3,Barrachina Meat & Burger
16101099204829299e3,Addis Abeba
1611361957390264e4,Can Sardi
1611644887038769e4,Aqistoi
16138436583296926e3,National Burger
16149664997154429e3,Frankie Gallo Cha Cha Cha
16158859967284447e3,Cafes El Magnifico
16176887182837776e3,Marisqueria Esthvan
16180001866939396e3,La Forquilla
16223763991916077e3,Rokelin Gourmet
16271167548623456e3,The Sopa Boba
16284416203277754e3,El Vaso de Oro
16285045537247574e3,My Fucking
1629163476201427e4,Single Fin Sagrada Familia Poke Gourmet
1630829352838223e4,Petra
16343711030916966e3,Andele Paris
16372106646937545e3,A Casa Mia Trattoria
16435171432250534e3,Uma
16436552737187981e3,La Confiteria
16451999687326058e3,Boca Grande
16454636232875962e3,Nineteen
16460270234305712e3,Anita Flow
16471085565631382e3,Gatsby
16492350894943175e3,Chill
16502302684882092e3,Narciso
16527007972985014e3,El Bosc De Les Fades
1659774926633351e4,Sagas Pagesos I Cuiners
16640792474937799e3,Boa Bao
16642736848662243e3,Abanik
16694554110885222e3,Sumac & Mambo
1673849755834595e4,Gatblau
16805457674532989e3,Barceloneta
16831976871093584e3,La Balmesina
16868334559575622e3,Rossini
16870342346784567e3,Puglia In Tavola
16873752914473716e3,Telefèric
16910621873490831e3,Arcano
16938831470409234e3,Nass
16948752766239726e3,Blavis
1695554408742521e4,El Nacional
17000960786102745e3,Embat
1701765064717765e4,Don Angelo
17020298718956954e3,Churreria Laietana
17051256449672534e3,Informal
17055617962103613e3,Port Vell
17057305132033247e3,La Peninsular
17089001682395136e3,Billy Brunch & Garden
17157786630706078e3,El Desvan
17163709181751622e3,Krampus
17169416701736716e3,Betlem
1720480801532183e4,Tio Joe
17259300447675836e3,Sao BCN
1726466830003343e4,Bar Rubí
1.7301848819685761e+019,MAKO JAPANESE TAVERN ORIENTAL FOOD
17325783008687155e3,Vigo
1.7337840357263999e+019,La Cala Barceloneta
17364042551457767e3,Wine Mood
17405778753684486e3,Big Al S American Kitchen
17406392746012557e3,El Cafe De Ferran S. C. P.
1742086422192079e4,Debutis
17432384872070906e3,Kitchens Of Saint Catherine
17470316468582009e3,Café Menssana
17501345434937604e3,Hofmann
17515699501350992e3,La Lola De Las Arenas
17522584790667104e3,Temple & Irish Pub
17524432480549575e3,Mirabe
17531260057241104e3,La Tagliatella | Passeig Sant Joan
17550834297145561e3,Makamaka
17553007468061663e3,Can Boneta
17580371066579001e3,El Ramblero
17586827909981116e3,Sato I Tanaka
17590672357067964e3,Kitsune Sushi Gracia
17612257900333812e3,Usagui
176967144362524e5,Red Fish Club Pati Vela
17719572585380209e3,Melic Del Gotic
1771964920185059e4,Karakala
17817778512811166e3,Anauco
17818877202572818e3,B
17824947769338579e3,Terra Mia
1785797628869769e4,Taverna El Glop
178670027174347e5,Etapes
17897089248486674e3,Koku Kitchen Ramen
17910998618917994e3,Oishii Ramen Street
18013511894108895e3,Elsa Y Fred
18053608356781812e3,Viena
18095576407248595e3,Te Quiero Verde
18103926738196396e3,Sensi Bistro
18162568554947457e3,Cocina Hermanos Torres
1816710733301136e4,La Vinateria Del Call
18175208546188372e3,Mi Gracia
18182054177130865e3,Scobies Irish Pub
18223444123278227e3,Craft
1823659905531369e4,La Paradeta Sagrada Familia
18259455284061846e3,Masala 73 Curry
18289923862346934e3,Parking Pizza Parking Pita
18301377682670563e3,Benvenuti Al Sud
1834312124344122e4,Taberna Blai Tonight
18375536665429486e3,Oria
1838210293015518e4,Tragaluz
18389642022585186e3,Vrutal
18404156509499425e3,Sesamo
18416724708570649e3,La Xampanyeria
18424603109082157e3,La Terraza Del Claris
18429800191004723e3,Pura Vida Cocktails
130012085145017820,Amades
151315871423119200,ABaC Restaurante
165475426655500500,Mosquito
219769117929891420,Milans Cocktail Bar
328947052064006300,SiamoQua
489859589346398900,Aqui Quedamos
579541645920790300,Xironda Orense
581542963339752200,La Bodegueta
790582098308430600,Taberna Babia
977161461962718100,Hard Rock Cafe
1126212043496547100,Mojito Rock
1150745947682918100,Dona Rosa
1317450646482210800,Enkel
1513216193115558100,Azimuth
1570004829886956500,Son Hao
1782072966437465e3,Montiel
1907255997668684500,Le Cucine Mandarosso
2502357040961188400,Slow Barcelona
2540258453199634400,Manso Pizzeria
2799953209314253300,La Grangeta Del Raval
2842684437281172e3,Ekubo
2884162729873421e3,El Chigre 1769
2901652346231380500,Pla B
3010520598037628e3,Black Remedy
3036285601273102300,Roots &amp
3044204135150745600,Pizzeria Da Nanni
3064022965530012700,Hummus Vegetarian Street Food
3115144723175448600,Mayura
3297740443685809e3,Taco Alto
3413669117229317e3,The Rooftop At Sir Victor
3471700584666801e3,Il Resto
3500418451543533600,Big Al S Real American Burgers
3526377621771529700,Una Mica De Japo
3874574996436062700,Luigi
390051201060813e4,Argentinisimo
3911081479961289700,Pinotxo Bar
3925172042357467e3,La Trocadero
3950182813358641e3,Mut
3986343598566868500,Urretxu
4184637869028996e3,Atabalats Gastrobar
4191349017612402700,Agust
4284961223112722400,Bobby's Free
4351129839725127700,Bismillah Kebabish
4380793288949218e3,Espai Kru
4639744424675641e3,Botafumeiro
469422375181143e4,Xian Hui Jie Creperia
4790211110189158e3,We Love Italy Pasta & Pizza
4971191942430216e3,Xerta
5140103662345292e3,Dry Martini
5154533935641869e3,La Llar Del Filador
5198059323995165e3,2254
5220826676956366e3,Bicos
524336686864131e4,Rostiseria La Cuineta
5284369421389997e3,Cameua
5447997621002313e3,Palau Dalmases
5605579247000729e3,Don Asador
5638824031438318e3,Granja Elena
5822076439846354e3,Dr. Stravinsky
5983989656854016e3,Vivo
599029685950681e4,Quim
6139309402118047e3,Happy Burger
6154426639660638e3,Menssana
6170135353871611e3,Ristorante Pizzeria Eden
6261656203272177e3,Bar Celoneta Sangría Bar
6484137398036339e3,La Llesca
6505062348509456e3,La Catrina Fusion
6826227859461409e3,Yatai
6942292919366324e3,Gran Torino Garage
6969894299289012e3,Els Pinxus Barra De Tapes
7212983035195482e3,Raco D En Cesc
7216360565434964e3,Oviso
7616982397426098e3,Ferrum
7676482796797398e3,Veg World India
7720813256007428e3,Las Cuevas de Los Rajahs
7987505217723014e3,Santa Rita Experience
8149812968643744e3,La Rubia
8365543376634325e3,Oporto
8400598106444054e3,RAO
8426355565606238e3,Vioko
8603359778370376e3,Santa Maria Del Mar
872984325001112e4,Osmosis
8810587539295797e3,Zia Carolina
8879908912670102e3,Quiosc Modern
908127599728666e4,My Way Lounge
928398165186381e4,Pizzeria Ottantotto
9344884012134685e3,Collage
9489872161514836e3,Elephanta
9586517078242292e3,Pippermint
9601759448946788e3,Chulapio Cocktails & Crepes
993001659797044e4,Koy Shunka
998872940846348e4,En Diagonal
9999353232197777e3,Mono
10188454498255497e3,Can Culleretes
10236072454821298e3,Barítimo
10243439525349474e3,Doña Rosa
10244622878565728e3,Taverna Hofmann
10250716681091852e3,Guru Food & Cocktails
10312479411479755e3,Jefferson
10331507364913533e3,BORO
1037026050942985e4,Bell e Buon
10660948658036177e3,Ardevol
11048946402710378e3,Kobuta Ramen I Mes
11067252158761783e3,Mamma Italia
11113079739335135e3,Terraza Martinez
11155768337751515e3,El Boliche del Gordo Cabrera
11253753651347542e3,People
11337842983017857e3,El Vecino
11405395999264723e3,Estel De Gracia
11453634498640005e3,173
11639923449221327e3,Taperia Ordesa
11670034305149606e3,Yoi Yoi Gion Kyoto
11742054857045703e3,Bodega Biarritz
1179665739239682e4,Bacoa Burger Universitat | Hamburgueseria En
11802452709585046e3,El Atril
11821644374075984e3,Mantura Tapes Asiatiques I Vins
11941621631552651e3,La Caravana
12025186971743773e3,Loto
12086641216486582e3,El Xiringo De La Barceloneta
12287977327490673e3,O Retornino
12350579208279808e3,Argentino El Calafate
12418533207994714e3,En Ville
124317914446411e5,https://www.yelp.com//user_details?userid=c5h0LhzE_PjYk2QJ52XnUA
12715683757263258e3,Xian
12762626180284862e3,Tapas 24
13369802967249766e3,La Come Dia
13392750646040111e3,Chen Ji
13395406657835661e3,Catalonia
13451477188179413e3,Bierzo Food
135374793288415e5,Laboratorio Gastronomico LAB
13557995931812598e3,The Michael Collins
1373511042586878e4,Parodia
13783812792540094e3,Thailandes
13843846212856044e3,The Venue Steakhouse
13914067060961485e3,A33 Pizzeria
1395623775114408e4,Roots & Rolls
14558625845446906e3,Cañete
14686168675884794e3,CocoVail Beer Hall Barcelona
14762778377285042e3,Downtown
14766138223270429e3,N0 30 Barceloneta Gastrobar
14777960188207725e3,Tosca Palau
1479281398364235e4,Mastico.
14877864719527719e3,210 Grammi
14880095800069403e3,El Rincon De Alicia
14959903777167897e3,Elisabets
14980687790887596e3,Super Super Born
1510753889742768e4,Deja Burg
15150917150503424e3,Con Gracia
15453465418759715e3,Pizzeria Da Nanni Tallers
15481418492756537e3,El Boliche Del Gordo Cabrera
1571252170689618e4,Nectari
15754131080874285e3,Otto Zutz
15829033124062822e3,Escriba
1603154409939894e4,O Pote
16256305728829524e3,Vegetalia Born
1640802040129987e4,Bronzo E Cucina (Eixample)
164696626702544e5,Santa Fe
1682530703491848e4,Focacceria Toscana
1683058794160982e4,Blai Tonight
16929925635757984e3,Zenith Brunch & Cocktails
16955697667469244e3,Barriguita
16955783611844295e3,Blanc
16961977736331196e3,Sasha 1968
16985000318105596e3,Razzmatazz
17055324431135881e3,Indochine (Aribau)
17115876189770019e3,Trópico
17609159695891132e3,Norte
1764563587859953e4,"NANA Brasa"
17736044368412045e3,Joan
17881337231041956e3,Com A Italia
1798557794091734e4,Teddy S
18039558783964832e3,BarCeloneta Sangria
18061817213000976e3,Palosanto Tapas
18073939114349044e3,La Antigua Cabana
18132219376525472e3,PolkaBar
18165721107565763e3,7 Portes
18383590967154567e3,Vivanda
267507417379114900,Pau Claris 190
365248429054011500,La Taberna De Lesseps
1050400775362642400,Taquerias Tamarindo
1116712077580474400,IAKNI
1150820851120519400,Boadas
1323515628732963e3,Out Of China
1385563611628695e3,La Esquina
1817743998673496e3,Homemade Tapas
2425444334817744e3,Chilango S Taqueria
2625164003604116500,Versailles
2658207740063425e3,Almalibre Acai House
2702168077095766e3,Alsur Café &amp
2952537794868993e3,Direkte Boqueria
3882315735753209e3,Leka
4197927825023405e3,Flaherty's
4816746454029641e3,The Venue Steak House
5305900461773816e3,Coleccion
5329171699144947e3,Mon Viet
5788571357639205e3,Champanillo
6229370190030121e3,La Pizza Del Born
6585797804978853e3,Craft Barcelona
6682951642756811e3,El Bitxo
6985696292600227e3,NoSe Cocktail
7075199502695665e3,71
7306561766255881e3,Da Greco
7321628803713196e3,Petit Comite
7636134914923678e3,Casa Dorita
8244261200130157e3,Malaysian Street Delights
8415114190347767e3,Rasoterra
8605959584296316e3,Radici
8793393382511191e3,La Caleta Burger
8862718755182754e3,Los Hermanos | Villarroel
9100935503806711e3,Maestró
961742290172115e4,Espit Chupitos
9620841134713942e3,Josephine
10356597046759227e3,Eat My Trip
11081742209003305e3,Alaire
11390449781412723e3,Maoz
11427404126694734e3,Rumanes Transilvania
11680686814898369e3,Filomena Gastrobar
11683882040030149e3,La Candela
12156234730312415e3,Burritos
12353293865383033e3,La Cholita
12387725632309815e3,Buenos Aires Grill
12409427145457658e3,Apribocca
12750236204847286e3,Les Gens Que J'aime
13831590454020985e3,Il Birrino
14212740999117339e3,Koku Kitchen Ramen & Gyoza
1533612571693406e4,Casa Jaime
15827148119402678e3,Seoul
15979144879019661e3,El Jardí
16021458388115081e3,Jaime Beriestain
1606810071426097e4,134
16072226302608288e3,Paella Bar
16391946329132771e3,Xiloka BCN
16514875568424794e3,Capítol de Viêtnam
16750311604572064e3,Lleones II
16885772437288163e3,Hänsel
17684100184892217e3,Ristorante Meraviglioso
1768549945445859e4,The Box
1808761126849722e4,Amorino
18218680578219241e3,De Paula L Hamburgueseria Del Poble Sec
380244925339139460,Bar Brutal
622619767598099600,Raó
810507588760825300,CruiX
2341035507905595e3,Bicos Restaurante
2558573687622665700,Bar Sant Pere
2716073507683956700,Gelarto Rosa
2964984658504499700,Ziryab Shisha Hookah Lounge
2985753930901860400,Dow Jones
2999123654588380700,Xixbar
3419630216632425500,O Toxo Tres Hermanos
3501078529342303e3,Enigma
4229167630496775e3,Sauvage
4307908069784537e3,Terrat
4346052736661493e3,Pla De La Garsa
5008824841207287e3,Abirradero
5138772789683755e3,Estimar
6251854167540924e3,Restaurante Bodega Joan
6271471076718309e3,Antilla
7389161109884901e3,Picnic
751447482829973e4,Creps al Born
9403419818342128e3,Kurai
977135598850198e4,Two Schmucks
10165377230697964e3,Gula Sana
1021723493396586e4,Quillo
10226440401002486e3,Sol Soler
10712757175179655e3,Tablafina
11212147986921513e3,https://www.yelp.com//user_details?userid=u2xuOwwiZHFq1ZshU4SAZQ
12209702853246312e3,Honest Greens
13555585420637626e3,MonDore
14012075351034823e3,Rooq
14264421227085787e3,Chaka Khan Gastro Exotique
15609057269763164e3,Casa Amalia
16168203384169347e3,Pico De Gallo Mexicano
17490075640966588e3,Tabarlot
18298118620101657e3,Bitter
739932523370509600,Marula Café
1721544043559338e3,Pax 49
3092767088727251e3,The Bollocks
3905225598791993e3,The Fish &amp
3905779639059353e3,Buenos Aires
678354499465479e4,H1898 Rooftopbar
742218759000511e4,Las Sorrentinas
9117776312975293e3,The Lime House
9178690367188707e3,Opium
9364384468489935e3,El Rincón del Artista
9954897393701247e3,Portolés
10728822643708125e3,Lizarran
11648500293484544e3,"83,3 Terrace Bar"
1172415119653897e4,FIRE
12278511252577423e3,Citizen Café
12518858531416586e3,Restaurante La Merce
12605241730233274e3,Le Pop Cocktail Bar
13879097033462458e3,Vermuteria Lorenz
14337383927133893e3,La Pineda
15999645143140444e3,Intrepid De Gracia
1621752582927435e4,La Concha Barcelona
17344689698044512e3,Belushi's
17548971606870647e3,The Ranch Smokehouse
17833769079176096e3,Sensi Mezzanine
17867222196156842e3,El Arbol Brunch
49382452743122470,Batuar
101135061624869200,Chongqing Liuyishou Hotpot
2945176706267038e3,Mastica
3122114799087517700,La Bella Napoli
3484507880455468e3,La Guinda
759191713270536e4,The Roof The EDITION
8798308395920456e3,La Ronda
10517107659579113e3,Little Caesars Pizza (Colon)
1116659395297454e4,Kodama
11904314713141045e3,Mamajin
133162177474868e5,L Escola
1607259992767159e4,Els Pollos de Llull
234812009362110900,Espai Gastronomic Juan Carlos Navarro
1599536464812241400,El Peix d'Or
2126309506401314600,Fauna En Casa De Vivi
3310513802151686e3,Casa Lola
4920369199578422e3,Season Tapas Restaurante
5849092012468693e3,Beach Life
7350663090551687e3,Terrassa 4 Capellans
8605604398091543e3,M. D.
8631357385809818e3,El Camino
11184212157683522e3,https://www.yelp.com//user_details?userid=1Iccp0F1nJzeRIHTqY1DTw
11289215600991812e3,Naeem Doner Pizza
12469644337669966e3,Oma Bistró
1260193808663887e4,Fifteen Raval
12693111727662946e3,Bacon Bear Bar
1508114788056014e4,Lulu
15479101297518854e3,| Restaurant Cullera De Boix
15676474682091508e3,Macchina
97560159110599440,Fizz Barcelona
141498180137461980,La Fianna
298760628641932350,NUBA
346754523689856e3,Glaciar
1172610841465398500,Dune Tapería
1407855044298762500,Morro Fi
3388330990726307e3,La Whiskeria
4011872871996542e3,Hogan's Australian Pub
6553587175065627e3,Summum
7295983916607451e3,Icebarcelona
7369099504910587e3,Snooker
10124342261633823e3,Itacate
11318300401358832e3,Agut
11844420392987017e3,https://www.yelp.com//user_details?userid=BeAmeNj6GWcCa6tYIyZhkQ
12437198821505815e3,Crudo Bar
13019627501339453e3,Boca Chica
1330911336159171e4,402
16220933343685607e3,Talisman
17650895919444115e3,Babula
3341314034028009500,King Potato Maremagnum
4345221251557614600,The 8% Of Our Recipe Is Mexican chocolate A La Piedra. Typical 100%.\n\nHave To Say That If The Mole Didn\ T Liked You Or Your Family It Could Happen But Is YOUR Taste And YOUR OPINION Not The Regular. Most Of The People That Knows What Mole Is Always Is Happy Ordering It And Eating It. You Could Read More Opinions (English) About The Mole. \n\nWe Ask To Every Tripadvisor Reader: That We Serve Really Typical Mexican Food With All His Tastes And Particularities We Do Not Serve Tex Mex Food Or Similar.\n\nViva Mexico. Title : Owner Response }
7517811131741233e3,Bon Tiberi
8959265691011238e3,El Puma
15144105428242317e3,El Asador de Aranda
16475766232239993e3,Distrito V
16591121874898835e3,Nubar
1218017449829448700,La Menuda
1950383141449124400,Hell Awaits
2313253026815039e3,La Cuina de Laietana
11054163834862793e3,89
11219707482599926e3,El Macareno
147560217910452e5,Barcelona Pipa Club
15311217057389484e3,Kamasot
15957928197342476e3,Equilibrium Cafè
16573461113596258e3,Jennifer F.
17176949837426067e3,Madame Jasmine
524899210694716100,La Bona Pinta
2439244077756882400,La Taverna de L'Eixample
5181129665427682e3,Bankers Bar
7111371280104272e3,Obe Restaurant
14109220379166577e3,La Cuina d' en Garriga
16311075760524833e3,Ideal Cocktail Bar
18417364611789455e3,Takumi Sapporo Ramen Kitchen
1180474477908648700,Tequila 44
1255429058251164e3,Madame George
3047717364799833e3,Bo de Gracia
4177354041167216600,Taberna
6141682521023448e3,Kahala
7854865519067075e3,El Jardín del Edén
8211524581579291e3,https://www.yelp.com//user_details?userid=Lp6mH8sxtrIElaHX-wzQEw
11001883512604193e3,Milano Cocktail Bar
11572799299748434e3,Slow &amp
14511753526086906e3,https://www.yelp.com//user_details?userid=wkghUg2_ba0pzwsEiDy8iA
149534458403015e5,34
760464067492954100,Robadors 23
1421751516973515e3,https://www.yelp.com//user_details?userid=evxG8WxjD7r0Z7XIjXWHmQ
4693683004760803e3,Chalito
1047257828015959e4,El Tabernito
10534659316373283e3,Karma Discoteca
15884399467331367e3,Los Hermanos
2878620015499265e3,Zinc Bar
2452791510261929500,Seventeen Hotel Olivia
7380083805579995e3,Sierra Nevada
11445614864595067e3,Polaroid
11820348479108338e3,JazzMan
15037365933246902e3,Rosat's
16198103010343612e3,Roast Club Cafe
16545138137728205e3,Terrace la Isabela
18395115653137037e3,Gran Torino
1074928613153881500,La Lluna
1387666879495951600,https://www.yelp.com//user_details?userid=yz5Wsp1cS9nPSy-YmtWuqw
3312425911798277600,Pulpería A Gudiña
17179615441711034e3,Bar Marfil
2802716179938943e3,Bonavida
1122526327587195e4,Can Déu
16538770879025318e3,Pub Fiction
3108951485114085400,433
5275874377900635e3,77
1318722991089336e4,Hemingway
15886856118172369e3,Mike M.
5969735325802681e3,https://www.yelp.com//user_details?userid=MGPQVLsODMm9ZtYQW-g_OA
8303001009517189e3,La Terrasa de les Indianes
8518880450811339e3,Sushibo
14928887753050505e3,Bikini Barcelona
116626055155131e5,Palmito Beach Bar
12964539785083312e3,Belvedere
13912572794612578e3,Enit S.
1599058399672528400,Believe Club
3019300345896337400,Samba Brasil
8166913365227692e3,https://www.yelp.com//user_details?userid=TnQeNvdvLsGLnY12Bpcltg
10335390435452793e3,https://www.yelp.com//user_details?userid=nVSWhxT4FKDV4krM6i3sNw
1149546729229754e4,Sub Rosa
146770038274628e5,Mercer
1730890062495244e4,Bodega
2644256333278061600,Touch Music Karaoke
1455877557768968e4,464
546363542528542200,33/45
639137705409362e3,Bella Istanbul
16574887333079489e3,Ocaña Apotheke
167805197300774720,27
10833318486824985e3,6
320817777222378e4,https://www.yelp.com//user_details?userid=B7nCFxaD69x0wQuEA_dX1g
4178368639878617e3,Cerveceria La Sureña
12607282376817336e3,La Terraza De Anna By Vida Mona
16167748239226704e3,16
1064864136948036900,Xapakó
1752826589510780200,19
8074343651480599e3,Munich Frankfurt
11553393788783714e3,Viet Kitchen
12285531920790415e3,Albe
2789586379538191400,Carolyn S.
11120646151236635e3,First Bar
18253857941134727e3,La Higuera
13633029742846362e3,Cassette Bar
16122763832736774e3,Fooding
2225821275806679600,3117
2226173301504371500,2
2505794384767300600,Les Enfants
7758823099868013e3,[]
12535281470958987e3,Maná 75
2055716554625080800,353
6064727708060631e3,11
9450486600693615e3,Can Ros
13653734639235762e3,https://www.yelp.com//user_details?userid=bxJfL_Vl1DxFiQSaVoqCsQ
2543040232123636700,Azul Frida
4926661517883517e3,95
12914847224445573e3,434
1640335524649299e4,{ User_id : 358B2FA78C2B6C7E539D52CBB19C3306 Type : User First_name : None Last_initial : None Name : None Reviewer_type : None Contributions : { Reviews : 56 Review_city_count : 0 Restaurant_reviews : 38 Hotel_reviews : 12 Attraction_reviews : 6 Helpful_votes : 0 Photos_count : 46 Badges_count : 0 } Member_id : 0 Username : Toridoriisme User_location : { Name : Kent United Kingdom Id : 186310 } Avatar : { Small : { Url : Https://media Cdn.tripadvisor.com/media/photo T/1a/f6/e7/7b/default Avatar 2020 56.jpg } Large : { Url : Https://media Cdn.tripadvisor.com/media/photo L/1a/f6/e7/7b/default Avatar 2020 56.jpg }} Link : Https://www.tripadvisor.com/MemberProfile A_uid.358B2FA78C2B6C7E539D52CBB19C3306 Points : 0 Created_time : 2017 09 22T16:55:33 0400 Locale : En_UK }
17714707693642742e3,8
330243905021379400,La Cinemateca
4.8799571721741523e+017,894
2747815015310184400,Sam R.
9289069696991285e3,Redrum
11469036689863363e3,Petit Bangkok
12896202245714438e3,3
13258148700185051e3,Gatsby Barcelona
15569787353520339e3,683
17203169821528547e3,The Wolf Tavern
259042861908783400,La Rostisseria del Barri
440623222372642e4,Fiona G.
11191593201633475e3,https://www.yelp.com//user_details?userid=lmthFMP_IVoLzGfBHxQpjA
11764259975483894e3,Gabrielle B.
12759696261691286e3,Boa-Bao
17127849552192051e3,https://www.yelp.com//user_details?userid=AVFhTH0DYmgMdQqHKFg_cA
4444933496640678e3,39
16772830027152636e3,https://www.yelp.com//user_details?userid=933NaWG9W6Z-1pXMFPKOoQ
18389979157258854e3,65
1465573967373538800,https://www.yelp.com//user_details?userid=BBqWjvFWXEaPAq_8JHzQ9Q
2417485998858175500,Tomodachi
2978422511129385500,20
6585157228892948e3,319
7418335115950217e3,Metropolitan Cafe
7842065796420035e3,227
1988865422122995500,42
8865284974113977e3,Absenta 1893
2789551546956298e3,Pentagrama
12082051608760637e3,https://www.yelp.com//user_details?userid=u60gxvUxp6J1Fq3eM0QZGA
18164076829962723e3,https://www.yelp.com//user_details?userid=Vs5j0cF5ofMe2PzfvneUYw
13237341798137344e3,https://www.yelp.com//user_details?userid=-9JqNce6qGY2fTepA8XpUg
14222465568065128e3,https://www.yelp.com//user_details?userid=ROXnGr4L-O1g_J8n6nRiMg
9648982281375599e3,Raïm
12014444257700084e3,https://www.yelp.com//user_details?userid=BBF-yAOdEjq9n4qVlObOdA
14288177962737814e3,60
5.9050916398701606e+017,Ohla Terraza Chill-Out
4421827742022818e3,Baxter S.
14630172793633503e3,4
7102287740143469e3,https://www.yelp.com//user_details?userid=lpPAOEn3FUWuKd-FQnUJsQ
3594930983714267e3,Modern Catalan. Excellent.
9374447818214982e3,83
9648416917605368e3,Sarah T.
10471889711772226e3,277
5257653273067028e3,5
4106863473773066e3,Limerick
544848085822638e4,621
1349177069733195e4,https://www.yelp.com//user_details?userid=see8qtWHzrOOK2lrl8W2TQ
3761804159410222e3,https://www.yelp.com//user_details?userid=hWKhOEQcxxJY-vt7DZrh4g
1814554590861473e3,30
14464439890491914e3,55
1808642627148995e4,25
7770756258510458e3,https://www.yelp.com//user_details?userid=7iVssN7pU_mptEGnPabrJQ
8773655951163083e3,Library Lounge
1747902778710587e4,7
995035859722179e4,127
5713815508932542e3,144
985020425201802e4,Latin Room
15180352285635295e3,53
16319767428579015e3,https://www.yelp.com//user_details?userid=w3olb51o26d80wn9mkms3w
8084321989428505e3,Stereo
687141119723255e4,El Trece
9596775025562081e3,220
15573238150431005e3,https://www.yelp.com//user_details?userid=0k-4La1EviUTQrV7uxVK0g
1468308796852919e3,https://www.yelp.com//user_details?userid=41M_87jJ8-kilP-DqPPf2Q
5889435302669423e3,186
11773213634807337e3,\n5 Nuestro Personal Le Atendio Con Total Respeto Y Educacion Intentando Ofrecerle La Mejor Opcion Dentro De Las Circunstancias Que Estamos Viviendo: Un 50% De Ocupacion En El Interior.\n6 Los Contenedores DEL AYUNTAMIENTO DE BARCELONA Estan Situados En El Chaflan De La Calle A Una Distancia De 12 15 M Como Comprendera Nosotros No Somos Responsables Del Estado De Estos Contenedores
3620841261472835e3,262
2230777383159691500,135
5695824040700228e3,Punch Room Barcelona
8504750351679596e3,Sotavent
1200758838310390800,Biz_name
9771193848693215e3,Psycho Rock and Roll Club
10388519526266472e3,246
14179867817281362e3,1141
16143567198049985e3,63
13941042814002921e3,28
6776313206717528e3,68
2641657930330735600,[{ Name : Service Value : 3 } { Name : Value Value : 2 } { Name : Food Value : 2 }]
12742044618149077e3,37
5000565418740094e3,Ecoasis
6142242233607084e3,43
16991663011491631e3,https://www.yelp.com//user_details?userid=c1cw1PiWx28t3pZ2FJOWYQ
9659740940281573e3,The Rooftop
14805401500218208e3,[{ Name : Service Value : 1 } { Name : Value Value : 1 } { Name : Food Value : 1 }]
612057827030889100,206
668674048092881e4,https://www.yelp.com//user_details?userid=vEMveTHn23hdT2_FhV7ctQ
1530296610923911700,858
10847147262007362e3,80
